view_radius	expert_view_radius	reached_near_optimal	avg_ep_length	train_steps	seed	start_time_str	lr	optimal
1.0	1.0	1.0	71.925	170000.0	2.0	2021-09-11_00-02-52		72.0
1.0	1.0	1.0	72.24	170000.0	1.0	2021-09-11_00-02-51		72.0
1.0	1.0	1.0	76.35	170000.0	3.0	2021-09-11_00-02-54		72.0
1.0	1.0	1.0	71.87	160000.0	7.0	2021-09-11_00-03-09		72.0
1.0	1.0	1.0	76.295	170000.0	18.0	2021-09-11_00-02-57		72.0
1.0	1.0	1.0	76.3	170000.0	16.0	2021-09-11_00-02-58		72.0
1.0	1.0	0.0	80.98	160000.0	15.0	2021-09-11_00-03-12		72.0
1.0	1.0	1.0	72.78	180000.0	0.0	2021-09-11_00-02-50		72.0
1.0	1.0	0.0	81.44	160000.0	8.0	2021-09-11_00-03-22		72.0
1.0	1.0	1.0	72.305	180000.0	21.0	2021-09-11_00-03-02		72.0
1.0	1.0	0.0	81.485	180000.0	24.0	2021-09-11_00-03-01		72.0
1.0	1.0	1.0	71.79	170000.0	23.0	2021-09-11_00-03-18		72.0
1.0	1.0	1.0	76.735	160000.0	19.0	2021-09-11_00-03-24		72.0
1.0	1.0	1.0	72.875	170000.0	17.0	2021-09-11_00-03-15		72.0
1.0	1.0	0.0	80.68	160000.0	5.0	2021-09-11_00-03-21		72.0
1.0	1.0	1.0	71.86	170000.0	10.0	2021-09-11_00-03-29		72.0
1.0	1.0	1.0	71.76	190000.0	20.0	2021-09-11_00-03-11		72.0
1.0	1.0	1.0	72.125	190000.0	22.0	2021-09-11_00-03-19		72.0
1.0	1.0	0.0	81.475	200000.0	4.0	2021-09-11_00-02-59		72.0
1.0	1.0	1.0	72.62	210000.0	12.0	2021-09-11_00-02-55		72.0
1.0	1.0	1.0	71.79	210000.0	9.0	2021-09-11_00-03-00		72.0
1.0	1.0	1.0	71.695	210000.0	6.0	2021-09-11_00-02-53		72.0
1.0	1.0	1.0	76.75	200000.0	13.0	2021-09-11_00-03-07		72.0
1.0	1.0	1.0	76.885	200000.0	14.0	2021-09-11_00-03-28		72.0
1.0	1.0	1.0	71.79	240000.0	11.0	2021-09-11_00-02-56		72.0
1.0	3.0	1.0	79.1	220000.0	5.0	2021-09-11_00-03-20		72.0
1.0	3.0	1.0	76.445	240000.0	22.0	2021-09-11_00-03-17		72.0
1.0	3.0	1.0	77.93	240000.0	0.0	2021-09-11_00-03-27		72.0
1.0	3.0	1.0	72.915	270000.0	3.0	2021-09-11_00-03-06		72.0
1.0	3.0	0.0	81.09	270000.0	17.0	2021-09-11_00-03-05		72.0
1.0	3.0	1.0	75.665	270000.0	8.0	2021-09-11_00-03-34		72.0
1.0	3.0	1.0	74.27	300000.0	10.0	2021-09-11_00-03-10		72.0
1.0	3.0	1.0	77.69	300000.0	12.0	2021-09-11_00-03-04		72.0
1.0	3.0	0.0	80.48	300000.0	6.0	2021-09-11_00-03-03		72.0
1.0	3.0	1.0	78.735	300000.0	21.0	2021-09-11_00-03-08		72.0
1.0	3.0	1.0	74.48	280000.0	16.0	2021-09-11_00-03-35		72.0
1.0	3.0	1.0	76.32	300000.0	19.0	2021-09-11_00-03-13		72.0
1.0	3.0	0.0	88.835	300000.0	1.0	2021-09-11_00-03-14		72.0
1.0	3.0	0.0	81.185	300000.0	20.0	2021-09-11_00-03-16		72.0
1.0	3.0	0.0	81.355	300000.0	9.0	2021-09-11_00-03-23		72.0
1.0	3.0	1.0	78.57	300000.0	7.0	2021-09-11_00-03-26		72.0
1.0	3.0	1.0	73.94	300000.0	14.0	2021-09-11_00-03-31		72.0
1.0	3.0	0.0	80.375	300000.0	13.0	2021-09-11_00-03-25		72.0
1.0	3.0	0.0	100.335	300000.0	2.0	2021-09-11_00-03-30		72.0
1.0	3.0	0.0	80.84	300000.0	18.0	2021-09-11_00-03-36		72.0
1.0	3.0	0.0	87.555	300000.0	15.0	2021-09-11_00-03-37		72.0
1.0	3.0	0.0	84.58	300000.0	4.0	2021-09-11_00-03-33		72.0
1.0	3.0	0.0	94.26	300000.0	11.0	2021-09-11_00-03-32		72.0
1.0	5.0	0.0	81.945	230000.0	10.0	2021-09-11_00-08-26		72.0
1.0	5.0	0.0	86.305	240000.0	5.0	2021-09-11_00-08-11		72.0
1.0	5.0	0.0	82.11	230000.0	14.0	2021-09-11_00-08-49		72.0
1.0	3.0	0.0	80.0	300000.0	23.0	2021-09-11_00-07-56		72.0
1.0	3.0	1.0	78.16	300000.0	24.0	2021-09-11_00-07-59		72.0
1.0	5.0	0.0	81.415	300000.0	0.0	2021-09-11_00-08-01		72.0
1.0	5.0	1.0	77.775	300000.0	1.0	2021-09-11_00-08-03		72.0
1.0	5.0	0.0	82.27	300000.0	4.0	2021-09-11_00-08-10		72.0
1.0	5.0	0.0	82.535	290000.0	6.0	2021-09-11_00-08-20		72.0
1.0	5.0	1.0	78.22	300000.0	3.0	2021-09-11_00-08-07		72.0
1.0	5.0	0.0	125.83	300000.0	2.0	2021-09-11_00-08-05		72.0
1.0	5.0	0.0	85.05	300000.0	8.0	2021-09-11_00-08-23		72.0
1.0	5.0	0.0	103.26	300000.0	9.0	2021-09-11_00-08-24		72.0
1.0	5.0	0.0	81.725	300000.0	7.0	2021-09-11_00-08-22		72.0
1.0	5.0	0.0	79.795	260000.0	23.0	2021-09-11_00-09-36		72.0
1.0	5.0	0.0	81.215	300000.0	12.0	2021-09-11_00-08-31		72.0
1.0	5.0	0.0	81.045	300000.0	16.0	2021-09-11_00-08-54		72.0
1.0	5.0	0.0	83.745	300000.0	15.0	2021-09-11_00-08-53		72.0
1.0	5.0	0.0	115.91	300000.0	17.0	2021-09-11_00-08-57		72.0
1.0	5.0	0.0	86.39	300000.0	18.0	2021-09-11_00-09-01		72.0
1.0	5.0	0.0	124.61	300000.0	19.0	2021-09-11_00-09-02		72.0
1.0	5.0	0.0	81.695	300000.0	20.0	2021-09-11_00-09-08		72.0
1.0	5.0	0.0	86.79	300000.0	21.0	2021-09-11_00-09-24		72.0
1.0	5.0	0.0	331.895	300000.0	13.0	2021-09-11_00-08-42		72.0
1.0	5.0	0.0	102.775	300000.0	22.0	2021-09-11_00-09-34		72.0
1.0	5.0	0.0	87.34	300000.0	24.0	2021-09-11_00-09-57		72.0
1.0	7.0	0.0	85.73	240000.0	11.0	2021-09-11_00-11-27		72.0
1.0	5.0	0.0	533.41	300000.0	11.0	2021-09-11_00-08-29		72.0
1.0	7.0	0.0	130.785	300000.0	0.0	2021-09-11_00-10-09		72.0
1.0	7.0	0.0	102.41	300000.0	2.0	2021-09-11_00-10-31		72.0
1.0	7.0	0.0	94.805	300000.0	1.0	2021-09-11_00-10-25		72.0
1.0	7.0	0.0	118.085	300000.0	4.0	2021-09-11_00-11-09		72.0
1.0	7.0	0.0	84.505	300000.0	7.0	2021-09-11_00-11-14		72.0
1.0	7.0	0.0	88.895	300000.0	6.0	2021-09-11_00-11-11		72.0
1.0	7.0	0.0	101.57	300000.0	8.0	2021-09-11_00-11-17		72.0
1.0	7.0	0.0	89.025	300000.0	10.0	2021-09-11_00-11-26		72.0
1.0	7.0	0.0	91.015	300000.0	13.0	2021-09-11_00-11-37		72.0
1.0	7.0	0.0	79.965	300000.0	14.0	2021-09-11_00-11-38		72.0
1.0	7.0	0.0	83.925	300000.0	15.0	2021-09-11_00-11-39		72.0
1.0	7.0	0.0	146.465	300000.0	12.0	2021-09-11_00-11-29		72.0
1.0	7.0	0.0	81.61	300000.0	17.0	2021-09-11_00-11-48		72.0
1.0	7.0	0.0	95.96	300000.0	19.0	2021-09-11_00-11-51		72.0
1.0	7.0	0.0	82.265	300000.0	18.0	2021-09-11_00-11-50		72.0
1.0	7.0	0.0	89.065	300000.0	20.0	2021-09-11_00-11-56		72.0
1.0	7.0	0.0	359.505	300000.0	3.0	2021-09-11_00-11-01		72.0
1.0	7.0	0.0	340.79	300000.0	9.0	2021-09-11_00-11-21		72.0
1.0	7.0	0.0	500.43	300000.0	5.0	2021-09-11_00-11-10		72.0
1.0	7.0	0.0	756.2	300000.0	16.0	2021-09-11_00-11-45		72.0
1.0	7.0	0.0	140.78	300000.0	22.0	2021-09-11_00-14-52		72.0
1.0	7.0	0.0	169.335	300000.0	21.0	2021-09-11_00-14-51		72.0
1.0	7.0	0.0	156.31	300000.0	23.0	2021-09-11_00-15-12		72.0
1.0	7.0	0.0	82.29	300000.0	24.0	2021-09-11_00-15-54		72.0
1.0	9.0	0.0	158.665	300000.0	0.0	2021-09-11_00-15-59		72.0
1.0	9.0	0.0	118.555	300000.0	3.0	2021-09-11_00-16-10		72.0
1.0	9.0	0.0	115.76	300000.0	5.0	2021-09-11_00-16-17		72.0
1.0	9.0	0.0	107.655	300000.0	6.0	2021-09-11_00-16-22		72.0
1.0	9.0	1.0	76.845	300000.0	8.0	2021-09-11_00-16-30		72.0
1.0	9.0	0.0	122.465	300000.0	2.0	2021-09-11_00-16-09		72.0
1.0	9.0	0.0	123.845	300000.0	9.0	2021-09-11_00-16-31		72.0
1.0	9.0	0.0	277.17	300000.0	1.0	2021-09-11_00-16-07		72.0
1.0	9.0	0.0	98.835	300000.0	10.0	2021-09-11_00-16-41		72.0
1.0	9.0	0.0	87.72	300000.0	12.0	2021-09-11_00-16-54		72.0
1.0	9.0	0.0	86.935	300000.0	11.0	2021-09-11_00-16-42		72.0
1.0	9.0	0.0	102.295	300000.0	14.0	2021-09-11_00-17-04		72.0
1.0	9.0	1.0	77.735	300000.0	15.0	2021-09-11_00-17-10		72.0
1.0	9.0	0.0	87.155	300000.0	16.0	2021-09-11_00-17-13		72.0
1.0	9.0	0.0	271.19	300000.0	7.0	2021-09-11_00-16-28		72.0
1.0	9.0	0.0	82.57	270000.0	22.0	2021-09-11_00-18-08		72.0
1.0	9.0	0.0	82.485	300000.0	18.0	2021-09-11_00-17-28		72.0
1.0	9.0	0.0	82.905	300000.0	17.0	2021-09-11_00-17-22		72.0
1.0	9.0	0.0	95.5	300000.0	19.0	2021-09-11_00-17-39		72.0
1.0	9.0	0.0	82.63	300000.0	21.0	2021-09-11_00-17-54		72.0
1.0	9.0	0.0	104.52	300000.0	20.0	2021-09-11_00-17-41		72.0
1.0	9.0	0.0	769.065	300000.0	4.0	2021-09-11_00-16-11		72.0
1.0	9.0	0.0	86.035	300000.0	24.0	2021-09-11_00-18-29		72.0
1.0	9.0	0.0	547.935	300000.0	13.0	2021-09-11_00-17-01		72.0
1.0	11.0	0.0	88.185	300000.0	1.0	2021-09-11_00-18-39		72.0
1.0	9.0	0.0	139.32	300000.0	23.0	2021-09-11_00-18-20		72.0
1.0	11.0	0.0	114.89	300000.0	0.0	2021-09-11_00-18-36		72.0
1.0	11.0	0.0	89.115	300000.0	4.0	2021-09-11_00-19-22		72.0
1.0	11.0	0.0	95.48	300000.0	5.0	2021-09-11_00-19-30		72.0
1.0	11.0	0.0	82.975	300000.0	6.0	2021-09-11_00-19-34		72.0
1.0	11.0	0.0	93.545	300000.0	9.0	2021-09-11_00-19-41		72.0
1.0	11.0	0.0	100.6	300000.0	10.0	2021-09-11_00-19-42		72.0
1.0	11.0	0.0	128.99	300000.0	8.0	2021-09-11_00-19-40		72.0
1.0	11.0	0.0	82.18	300000.0	12.0	2021-09-11_00-19-55		72.0
1.0	11.0	0.0	83.915	300000.0	13.0	2021-09-11_00-19-59		72.0
1.0	11.0	0.0	253.53	300000.0	2.0	2021-09-11_00-19-18		72.0
1.0	11.0	0.0	154.82	300000.0	11.0	2021-09-11_00-19-54		72.0
1.0	11.0	0.0	83.255	300000.0	14.0	2021-09-11_00-20-05		72.0
1.0	11.0	0.0	85.38	300000.0	16.0	2021-09-11_00-20-28		72.0
1.0	11.0	0.0	333.695	300000.0	3.0	2021-09-11_00-19-19		72.0
1.0	11.0	0.0	148.375	300000.0	15.0	2021-09-11_00-20-09		72.0
1.0	11.0	0.0	331.21	300000.0	7.0	2021-09-11_00-19-37		72.0
1.0	11.0	0.0	309.795	300000.0	17.0	2021-09-11_00-20-43		72.0
1.0	11.0	1.0	78.645	300000.0	18.0	2021-09-11_00-22-01		72.0
1.0	11.0	0.0	100.025	300000.0	19.0	2021-09-11_00-23-01		72.0
1.0	11.0	0.0	99.53	300000.0	20.0	2021-09-11_00-23-22		72.0
1.0	11.0	0.0	125.83	300000.0	22.0	2021-09-11_00-24-01		72.0
1.0	11.0	0.0	87.37	300000.0	23.0	2021-09-11_00-24-14		72.0
1.0	11.0	0.0	179.795	300000.0	24.0	2021-09-11_00-24-16		72.0
1.0	13.0	0.0	87.285	300000.0	0.0	2021-09-11_00-24-26		72.0
1.0	13.0	0.0	83.495	300000.0	3.0	2021-09-11_00-24-29		72.0
1.0	13.0	0.0	102.08	300000.0	1.0	2021-09-11_00-24-27		72.0
1.0	13.0	0.0	125.115	300000.0	2.0	2021-09-11_00-24-28		72.0
1.0	13.0	0.0	94.31	300000.0	5.0	2021-09-11_00-24-44		72.0
1.0	13.0	0.0	92.65	300000.0	6.0	2021-09-11_00-24-46		72.0
1.0	13.0	0.0	133.37	300000.0	4.0	2021-09-11_00-24-43		72.0
1.0	13.0	0.0	81.83	300000.0	7.0	2021-09-11_00-25-00		72.0
1.0	11.0	0.0	481.805	300000.0	21.0	2021-09-11_00-23-35		72.0
1.0	13.0	0.0	94.39	300000.0	8.0	2021-09-11_00-25-02		72.0
1.0	13.0	0.0	101.66	300000.0	9.0	2021-09-11_00-25-10		72.0
1.0	13.0	0.0	88.475	300000.0	10.0	2021-09-11_00-25-13		72.0
1.0	13.0	0.0	94.445	300000.0	12.0	2021-09-11_00-25-21		72.0
1.0	13.0	0.0	99.055	300000.0	11.0	2021-09-11_00-25-14		72.0
1.0	13.0	0.0	90.79	300000.0	14.0	2021-09-11_00-25-30		72.0
1.0	13.0	0.0	85.035	300000.0	15.0	2021-09-11_00-25-36		72.0
1.0	13.0	0.0	81.985	300000.0	18.0	2021-09-11_00-25-59		72.0
1.0	13.0	0.0	79.865	300000.0	16.0	2021-09-11_00-25-50		72.0
1.0	13.0	0.0	114.73	300000.0	17.0	2021-09-11_00-25-51		72.0
1.0	13.0	0.0	285.0	300000.0	13.0	2021-09-11_00-25-24		72.0
1.0	13.0	0.0	89.71	300000.0	19.0	2021-09-11_00-26-28		72.0
1.0	13.0	0.0	85.25	300000.0	21.0	2021-09-11_00-26-40		72.0
1.0	13.0	0.0	91.595	300000.0	20.0	2021-09-11_00-26-37		72.0
1.0	13.0	0.0	97.695	300000.0	22.0	2021-09-11_00-26-46		72.0
1.0	13.0	0.0	88.405	300000.0	23.0	2021-09-11_00-26-47		72.0
1.0	13.0	0.0	136.225	300000.0	24.0	2021-09-11_00-26-49		72.0
1.0	15.0	0.0	100.425	300000.0	2.0	2021-09-11_00-27-40		72.0
1.0	15.0	0.0	79.635	300000.0	1.0	2021-09-11_00-27-36		72.0
1.0	15.0	0.0	89.025	300000.0	0.0	2021-09-11_00-27-34		72.0
1.0	15.0	0.0	81.295	300000.0	4.0	2021-09-11_00-27-51		72.0
1.0	15.0	0.0	87.505	300000.0	3.0	2021-09-11_00-27-47		72.0
1.0	15.0	0.0	94.205	300000.0	6.0	2021-09-11_00-28-02		72.0
1.0	15.0	0.0	86.495	300000.0	7.0	2021-09-11_00-28-04		72.0
1.0	15.0	0.0	87.075	300000.0	9.0	2021-09-11_00-28-11		72.0
1.0	15.0	0.0	85.085	300000.0	8.0	2021-09-11_00-28-08		72.0
1.0	15.0	0.0	81.395	300000.0	10.0	2021-09-11_00-28-13		72.0
1.0	15.0	0.0	123.435	300000.0	5.0	2021-09-11_00-28-01		72.0
1.0	15.0	0.0	85.275	300000.0	11.0	2021-09-11_00-28-25		72.0
1.0	15.0	0.0	95.005	300000.0	13.0	2021-09-11_00-28-32		72.0
1.0	15.0	0.0	108.12	300000.0	12.0	2021-09-11_00-28-27		72.0
1.0	15.0	0.0	83.01	300000.0	14.0	2021-09-11_00-28-42		72.0
3.0	3.0	0.0	75.745	160000.0	0.0	2021-09-11_00-32-46		66.0
1.0	15.0	0.0	120.15	300000.0	15.0	2021-09-11_00-29-40		72.0
3.0	3.0	0.0	76.135	160000.0	5.0	2021-09-11_00-33-09		66.0
3.0	3.0	1.0	71.23	170000.0	1.0	2021-09-11_00-32-57		66.0
1.0	15.0	0.0	83.58	300000.0	16.0	2021-09-11_00-30-03		72.0
3.0	3.0	1.0	65.76	180000.0	2.0	2021-09-11_00-32-58		66.0
3.0	3.0	0.0	76.025	160000.0	8.0	2021-09-11_00-33-29		66.0
3.0	3.0	1.0	70.88	160000.0	11.0	2021-09-11_00-33-35		66.0
3.0	3.0	0.0	75.725	160000.0	10.0	2021-09-11_00-33-32		66.0
3.0	3.0	1.0	71.105	190000.0	3.0	2021-09-11_00-32-59		66.0
3.0	3.0	1.0	71.235	180000.0	7.0	2021-09-11_00-33-18		66.0
3.0	3.0	1.0	65.93	200000.0	4.0	2021-09-11_00-33-03		66.0
3.0	3.0	1.0	70.54	190000.0	9.0	2021-09-11_00-33-31		66.0
1.0	15.0	0.0	116.845	300000.0	17.0	2021-09-11_00-31-08		72.0
3.0	3.0	0.0	76.24	160000.0	17.0	2021-09-11_00-34-32		66.0
1.0	15.0	0.0	88.09	300000.0	18.0	2021-09-11_00-31-33		72.0
3.0	3.0	1.0	70.35	190000.0	13.0	2021-09-11_00-34-00		66.0
3.0	3.0	1.0	71.395	200000.0	12.0	2021-09-11_00-33-43		66.0
1.0	15.0	0.0	80.015	270000.0	19.0	2021-09-11_00-32-12		72.0
3.0	3.0	1.0	67.05	190000.0	15.0	2021-09-11_00-34-09		66.0
3.0	3.0	0.0	80.355	160000.0	18.0	2021-09-11_00-34-50		66.0
3.0	3.0	1.0	65.725	230000.0	6.0	2021-09-11_00-33-14		66.0
3.0	3.0	1.0	67.035	190000.0	16.0	2021-09-11_00-34-21		66.0
3.0	3.0	0.0	75.76	200000.0	14.0	2021-09-11_00-34-01		66.0
3.0	3.0	0.0	76.015	160000.0	21.0	2021-09-11_00-35-01		66.0
3.0	3.0	0.0	75.52	170000.0	20.0	2021-09-11_00-34-59		66.0
3.0	3.0	1.0	70.595	180000.0	19.0	2021-09-11_00-34-52		66.0
1.0	15.0	0.0	84.86	300000.0	20.0	2021-09-11_00-32-24		72.0
3.0	3.0	1.0	70.365	180000.0	22.0	2021-09-11_00-35-05		66.0
3.0	3.0	0.0	75.05	160000.0	24.0	2021-09-11_00-35-41		66.0
1.0	15.0	0.0	116.885	300000.0	21.0	2021-09-11_00-32-36		72.0
1.0	15.0	0.0	80.97	300000.0	23.0	2021-09-11_00-32-39		72.0
1.0	15.0	0.0	81.34	300000.0	24.0	2021-09-11_00-32-43		72.0
1.0	15.0	0.0	85.855	300000.0	22.0	2021-09-11_00-32-38		72.0
3.0	3.0	1.0	65.59	210000.0	23.0	2021-09-11_00-35-40		66.0
3.0	5.0	1.0	69.495	280000.0	0.0	2021-09-11_00-35-42		66.0
3.0	5.0	1.0	67.88	260000.0	4.0	2021-09-11_00-36-05		66.0
3.0	5.0	1.0	70.585	270000.0	5.0	2021-09-11_00-36-06		66.0
3.0	5.0	0.0	74.405	290000.0	8.0	2021-09-11_00-36-13		66.0
3.0	5.0	0.0	82.455	300000.0	1.0	2021-09-11_00-35-49		66.0
3.0	5.0	0.0	73.45	300000.0	2.0	2021-09-11_00-35-53		66.0
3.0	5.0	0.0	75.925	300000.0	3.0	2021-09-11_00-36-02		66.0
3.0	5.0	0.0	75.845	210000.0	17.0	2021-09-11_00-38-06		66.0
3.0	5.0	1.0	72.35	300000.0	6.0	2021-09-11_00-36-09		66.0
3.0	5.0	0.0	78.605	300000.0	7.0	2021-09-11_00-36-12		66.0
3.0	5.0	0.0	72.95	300000.0	9.0	2021-09-11_00-36-18		66.0
3.0	5.0	0.0	76.485	290000.0	10.0	2021-09-11_00-36-32		66.0
3.0	5.0	1.0	68.215	210000.0	22.0	2021-09-11_00-38-37		66.0
3.0	5.0	0.0	73.905	300000.0	12.0	2021-09-11_00-36-35		66.0
3.0	5.0	1.0	72.13	300000.0	11.0	2021-09-11_00-36-34		66.0
3.0	5.0	0.0	73.615	250000.0	18.0	2021-09-11_00-38-21		66.0
3.0	5.0	1.0	68.92	280000.0	14.0	2021-09-11_00-37-51		66.0
3.0	5.0	1.0	71.075	270000.0	19.0	2021-09-11_00-38-26		66.0
3.0	5.0	0.0	78.93	300000.0	13.0	2021-09-11_00-37-41		66.0
3.0	5.0	0.0	76.51	260000.0	24.0	2021-09-11_00-38-50		66.0
3.0	5.0	0.0	79.39	300000.0	15.0	2021-09-11_00-38-01		66.0
3.0	7.0	0.0	74.31	250000.0	2.0	2021-09-11_00-39-23		66.0
3.0	5.0	0.0	77.475	300000.0	16.0	2021-09-11_00-38-03		66.0
3.0	5.0	0.0	72.89	290000.0	21.0	2021-09-11_00-38-34		66.0
3.0	5.0	0.0	77.975	300000.0	20.0	2021-09-11_00-38-29		66.0
3.0	5.0	1.0	71.38	300000.0	23.0	2021-09-11_00-38-49		66.0
3.0	7.0	0.0	72.745	300000.0	1.0	2021-09-11_00-39-08		66.0
3.0	7.0	0.0	73.785	300000.0	0.0	2021-09-11_00-39-06		66.0
3.0	7.0	0.0	76.39	300000.0	4.0	2021-09-11_00-39-34		66.0
3.0	7.0	0.0	100.89	300000.0	6.0	2021-09-11_00-39-38		66.0
3.0	7.0	0.0	81.6	300000.0	5.0	2021-09-11_00-39-35		66.0
3.0	7.0	0.0	102.415	300000.0	3.0	2021-09-11_00-39-33		66.0
3.0	7.0	0.0	77.435	300000.0	10.0	2021-09-11_00-39-48		66.0
3.0	7.0	0.0	77.06	300000.0	11.0	2021-09-11_00-39-51		66.0
3.0	7.0	0.0	81.065	300000.0	9.0	2021-09-11_00-39-46		66.0
3.0	7.0	0.0	73.555	300000.0	12.0	2021-09-11_00-39-57		66.0
3.0	7.0	0.0	74.525	280000.0	16.0	2021-09-11_00-40-29		66.0
3.0	7.0	1.0	70.775	300000.0	13.0	2021-09-11_00-40-13		66.0
3.0	7.0	0.0	153.15	300000.0	8.0	2021-09-11_00-39-43		66.0
3.0	7.0	0.0	72.825	300000.0	14.0	2021-09-11_00-40-14		66.0
3.0	7.0	0.0	73.66	300000.0	15.0	2021-09-11_00-40-26		66.0
3.0	7.0	0.0	74.09	300000.0	18.0	2021-09-11_00-40-41		66.0
3.0	7.0	0.0	73.9	300000.0	17.0	2021-09-11_00-40-36		66.0
3.0	7.0	1.0	71.475	300000.0	19.0	2021-09-11_00-40-46		66.0
3.0	7.0	0.0	76.17	300000.0	20.0	2021-09-11_00-40-47		66.0
3.0	7.0	0.0	190.905	300000.0	21.0	2021-09-11_00-40-51		66.0
3.0	7.0	0.0	563.79	300000.0	7.0	2021-09-11_00-39-39		66.0
3.0	7.0	0.0	121.47	300000.0	22.0	2021-09-11_00-41-39		66.0
3.0	9.0	0.0	73.745	230000.0	3.0	2021-09-11_00-44-00		66.0
3.0	7.0	0.0	76.525	280000.0	23.0	2021-09-11_00-43-13		66.0
3.0	7.0	0.0	76.635	300000.0	24.0	2021-09-11_00-43-14		66.0
3.0	9.0	0.0	76.45	300000.0	1.0	2021-09-11_00-43-54		66.0
3.0	9.0	0.0	82.93	300000.0	6.0	2021-09-11_00-44-06		66.0
3.0	9.0	1.0	72.2	300000.0	2.0	2021-09-11_00-43-56		66.0
3.0	9.0	0.0	85.475	300000.0	5.0	2021-09-11_00-44-05		66.0
3.0	9.0	0.0	101.875	300000.0	4.0	2021-09-11_00-44-02		66.0
3.0	9.0	0.0	74.48	290000.0	7.0	2021-09-11_00-44-17		66.0
3.0	9.0	0.0	352.005	300000.0	0.0	2021-09-11_00-43-21		66.0
3.0	9.0	0.0	81.775	300000.0	8.0	2021-09-11_00-44-24		66.0
3.0	9.0	0.0	77.31	300000.0	9.0	2021-09-11_00-44-25		66.0
3.0	9.0	0.0	79.75	300000.0	11.0	2021-09-11_00-44-33		66.0
3.0	9.0	0.0	83.97	300000.0	12.0	2021-09-11_00-44-34		66.0
3.0	9.0	0.0	76.42	260000.0	16.0	2021-09-11_00-45-45		66.0
3.0	9.0	0.0	74.53	300000.0	13.0	2021-09-11_00-45-17		66.0
3.0	9.0	0.0	73.14	300000.0	14.0	2021-09-11_00-45-22		66.0
3.0	9.0	1.0	71.195	280000.0	19.0	2021-09-11_00-46-08		66.0
3.0	9.0	0.0	77.115	300000.0	15.0	2021-09-11_00-45-41		66.0
3.0	9.0	0.0	346.625	300000.0	10.0	2021-09-11_00-44-30		66.0
3.0	9.0	1.0	71.205	300000.0	18.0	2021-09-11_00-46-03		66.0
3.0	9.0	0.0	95.47	300000.0	20.0	2021-09-11_00-46-14		66.0
3.0	9.0	0.0	74.165	300000.0	21.0	2021-09-11_00-46-16		66.0
3.0	9.0	0.0	74.555	300000.0	22.0	2021-09-11_00-46-30		66.0
3.0	9.0	0.0	73.69	300000.0	23.0	2021-09-11_00-46-53		66.0
3.0	9.0	0.0	92.45	300000.0	24.0	2021-09-11_00-47-02		66.0
3.0	9.0	0.0	405.22	300000.0	17.0	2021-09-11_00-45-58		66.0
3.0	11.0	0.0	90.255	300000.0	0.0	2021-09-11_00-47-07		66.0
3.0	11.0	0.0	73.43	300000.0	2.0	2021-09-11_00-47-46		66.0
3.0	11.0	0.0	74.99	300000.0	5.0	2021-09-11_00-47-51		66.0
3.0	11.0	0.0	79.595	300000.0	4.0	2021-09-11_00-47-49		66.0
3.0	11.0	0.0	86.68	300000.0	3.0	2021-09-11_00-47-47		66.0
3.0	11.0	0.0	83.905	300000.0	8.0	2021-09-11_00-48-01		66.0
3.0	11.0	0.0	79.755	300000.0	6.0	2021-09-11_00-47-54		66.0
3.0	11.0	0.0	110.8	300000.0	7.0	2021-09-11_00-47-57		66.0
3.0	11.0	0.0	142.675	300000.0	9.0	2021-09-11_00-48-02		66.0
3.0	11.0	0.0	94.38	300000.0	13.0	2021-09-11_00-48-22		66.0
3.0	11.0	0.0	323.29	300000.0	1.0	2021-09-11_00-47-41		66.0
3.0	11.0	0.0	74.895	300000.0	14.0	2021-09-11_00-48-39		66.0
3.0	11.0	0.0	256.305	300000.0	11.0	2021-09-11_00-48-07		66.0
3.0	11.0	0.0	111.56	300000.0	18.0	2021-09-11_00-49-20		66.0
3.0	11.0	0.0	94.545	300000.0	19.0	2021-09-11_00-49-25		66.0
3.0	11.0	0.0	272.25	300000.0	15.0	2021-09-11_00-48-42		66.0
3.0	11.0	0.0	84.54	300000.0	20.0	2021-09-11_00-49-47		66.0
3.0	11.0	0.0	316.21	300000.0	17.0	2021-09-11_00-48-56		66.0
3.0	11.0	0.0	499.055	300000.0	12.0	2021-09-11_00-48-11		66.0
3.0	11.0	0.0	582.865	300000.0	10.0	2021-09-11_00-48-06		66.0
3.0	11.0	0.0	506.795	300000.0	16.0	2021-09-11_00-48-47		66.0
3.0	11.0	0.0	98.48	300000.0	21.0	2021-09-11_00-50-21		66.0
3.0	11.0	0.0	87.36	300000.0	23.0	2021-09-11_00-51-05		66.0
3.0	11.0	0.0	74.995	300000.0	24.0	2021-09-11_00-51-52		66.0
3.0	13.0	0.0	82.13	300000.0	0.0	2021-09-11_00-52-02		66.0
3.0	11.0	0.0	374.74	300000.0	22.0	2021-09-11_00-50-52		66.0
3.0	13.0	0.0	79.565	300000.0	3.0	2021-09-11_00-52-09		66.0
3.0	13.0	0.0	116.35	300000.0	1.0	2021-09-11_00-52-04		66.0
3.0	13.0	0.0	91.975	300000.0	4.0	2021-09-11_00-52-10		66.0
3.0	13.0	0.0	129.925	300000.0	2.0	2021-09-11_00-52-08		66.0
3.0	13.0	0.0	83.4	300000.0	5.0	2021-09-11_00-52-24		66.0
3.0	13.0	0.0	100.665	300000.0	7.0	2021-09-11_00-52-26		66.0
3.0	13.0	0.0	118.925	300000.0	8.0	2021-09-11_00-52-33		66.0
3.0	13.0	0.0	97.79	300000.0	9.0	2021-09-11_00-52-42		66.0
3.0	13.0	0.0	291.495	300000.0	6.0	2021-09-11_00-52-25		66.0
3.0	13.0	0.0	82.86	300000.0	12.0	2021-09-11_00-53-16		66.0
3.0	13.0	0.0	320.215	300000.0	10.0	2021-09-11_00-52-43		66.0
3.0	13.0	0.0	84.39	300000.0	14.0	2021-09-11_00-53-40		66.0
3.0	13.0	0.0	100.06	300000.0	15.0	2021-09-11_00-53-41		66.0
3.0	13.0	0.0	121.66	300000.0	16.0	2021-09-11_00-54-02		66.0
3.0	13.0	0.0	79.85	300000.0	17.0	2021-09-11_00-54-15		66.0
3.0	13.0	0.0	80.385	300000.0	18.0	2021-09-11_00-54-19		66.0
3.0	13.0	0.0	320.645	300000.0	11.0	2021-09-11_00-53-14		66.0
3.0	13.0	0.0	114.67	300000.0	20.0	2021-09-11_00-54-52		66.0
3.0	13.0	0.0	116.125	300000.0	21.0	2021-09-11_00-54-55		66.0
3.0	13.0	0.0	535.315	300000.0	13.0	2021-09-11_00-53-37		66.0
3.0	13.0	0.0	354.895	300000.0	19.0	2021-09-11_00-54-26		66.0
3.0	13.0	0.0	79.23	300000.0	23.0	2021-09-11_00-55-18		66.0
3.0	13.0	0.0	142.77	300000.0	22.0	2021-09-11_00-55-17		66.0
3.0	15.0	0.0	80.87	300000.0	1.0	2021-09-11_00-55-58		66.0
3.0	15.0	0.0	79.8	300000.0	2.0	2021-09-11_00-55-59		66.0
3.0	15.0	0.0	81.965	300000.0	0.0	2021-09-11_00-55-56		66.0
3.0	13.0	0.0	112.465	300000.0	24.0	2021-09-11_00-55-44		66.0
3.0	15.0	0.0	78.58	300000.0	4.0	2021-09-11_00-56-06		66.0
3.0	15.0	0.0	81.695	300000.0	3.0	2021-09-11_00-56-04		66.0
3.0	15.0	0.0	79.035	300000.0	5.0	2021-09-11_00-56-10		66.0
3.0	15.0	0.0	93.485	300000.0	6.0	2021-09-11_00-56-20		66.0
3.0	15.0	0.0	97.415	300000.0	9.0	2021-09-11_00-56-35		66.0
3.0	15.0	0.0	74.665	300000.0	7.0	2021-09-11_00-56-27		66.0
3.0	15.0	0.0	76.525	300000.0	8.0	2021-09-11_00-56-34		66.0
3.0	15.0	0.0	82.16	300000.0	10.0	2021-09-11_00-56-45		66.0
5.0	5.0	0.0	73.79	160000.0	0.0	2021-09-11_01-00-17		60.0
5.0	5.0	0.0	69.18	160000.0	2.0	2021-09-11_01-00-24		60.0
3.0	15.0	0.0	98.715	300000.0	11.0	2021-09-11_00-57-26		66.0
3.0	15.0	0.0	79.045	300000.0	12.0	2021-09-11_00-57-34		66.0
3.0	15.0	0.0	74.3	300000.0	13.0	2021-09-11_00-57-43		66.0
5.0	5.0	0.0	74.14	170000.0	3.0	2021-09-11_01-00-31		60.0
3.0	15.0	0.0	75.615	300000.0	15.0	2021-09-11_00-57-52		66.0
3.0	15.0	0.0	85.245	300000.0	16.0	2021-09-11_00-57-53		66.0
3.0	15.0	0.0	88.38	300000.0	14.0	2021-09-11_00-57-48		66.0
3.0	15.0	0.0	85.345	300000.0	17.0	2021-09-11_00-57-56		66.0
5.0	5.0	1.0	64.945	170000.0	6.0	2021-09-11_01-00-52		60.0
5.0	5.0	0.0	73.815	180000.0	4.0	2021-09-11_01-00-40		60.0
5.0	5.0	0.0	73.75	160000.0	7.0	2021-09-11_01-01-15		60.0
5.0	5.0	1.0	64.81	200000.0	5.0	2021-09-11_01-00-43		60.0
5.0	5.0	0.0	69.17	160000.0	9.0	2021-09-11_01-01-37		60.0
3.0	15.0	0.0	84.135	300000.0	19.0	2021-09-11_00-58-31		66.0
5.0	5.0	1.0	59.565	220000.0	1.0	2021-09-11_01-00-23		60.0
3.0	15.0	0.0	95.565	300000.0	18.0	2021-09-11_00-58-22		66.0
5.0	5.0	1.0	64.37	190000.0	8.0	2021-09-11_01-01-25		60.0
5.0	5.0	0.0	73.82	180000.0	10.0	2021-09-11_01-01-48		60.0
5.0	5.0	0.0	73.81	160000.0	13.0	2021-09-11_01-02-22		60.0
3.0	15.0	0.0	78.34	300000.0	20.0	2021-09-11_00-59-08		66.0
5.0	5.0	0.0	69.17	160000.0	12.0	2021-09-11_01-02-18		60.0
5.0	5.0	1.0	64.33	170000.0	14.0	2021-09-11_01-02-23		60.0
3.0	15.0	0.0	82.7	300000.0	21.0	2021-09-11_00-59-55		66.0
5.0	5.0	1.0	59.57	210000.0	11.0	2021-09-11_01-01-52		60.0
5.0	5.0	0.0	69.21	190000.0	15.0	2021-09-11_01-02-24		60.0
5.0	5.0	1.0	64.39	160000.0	18.0	2021-09-11_01-03-21		60.0
5.0	5.0	1.0	64.44	160000.0	19.0	2021-09-11_01-03-23		60.0
3.0	15.0	0.0	83.96	300000.0	22.0	2021-09-11_01-00-06		66.0
3.0	15.0	0.0	83.455	300000.0	23.0	2021-09-11_01-00-08		66.0
5.0	5.0	1.0	64.645	180000.0	17.0	2021-09-11_01-03-01		60.0
5.0	5.0	0.0	73.8	180000.0	16.0	2021-09-11_01-02-56		60.0
3.0	15.0	0.0	99.25	300000.0	24.0	2021-09-11_01-00-16		66.0
5.0	5.0	1.0	64.44	160000.0	23.0	2021-09-11_01-03-55		60.0
5.0	5.0	1.0	64.44	180000.0	20.0	2021-09-11_01-03-31		60.0
5.0	5.0	0.0	74.64	170000.0	22.0	2021-09-11_01-03-52		60.0
5.0	5.0	1.0	64.63	210000.0	24.0	2021-09-11_01-03-56		60.0
5.0	5.0	1.0	59.835	240000.0	21.0	2021-09-11_01-03-45		60.0
5.0	7.0	0.0	68.905	220000.0	14.0	2021-09-11_01-05-39		60.0
5.0	7.0	1.0	65.74	240000.0	9.0	2021-09-11_01-05-13		60.0
5.0	7.0	1.0	63.34	280000.0	3.0	2021-09-11_01-04-15		60.0
5.0	7.0	1.0	63.095	300000.0	0.0	2021-09-11_01-04-02		60.0
5.0	7.0	0.0	69.875	300000.0	1.0	2021-09-11_01-04-03		60.0
5.0	7.0	0.0	97.87	300000.0	2.0	2021-09-11_01-04-04		60.0
5.0	7.0	1.0	65.4	300000.0	7.0	2021-09-11_01-04-30		60.0
5.0	7.0	0.0	69.23	300000.0	5.0	2021-09-11_01-04-28		60.0
5.0	7.0	0.0	66.04	300000.0	4.0	2021-09-11_01-04-26		60.0
5.0	7.0	0.0	66.865	300000.0	6.0	2021-09-11_01-04-29		60.0
5.0	7.0	1.0	65.875	300000.0	8.0	2021-09-11_01-04-51		60.0
5.0	7.0	0.0	66.45	250000.0	20.0	2021-09-11_01-06-03		60.0
5.0	7.0	1.0	61.905	270000.0	15.0	2021-09-11_01-05-47		60.0
5.0	7.0	1.0	62.17	270000.0	16.0	2021-09-11_01-05-49		60.0
5.0	7.0	0.0	77.42	300000.0	10.0	2021-09-11_01-05-14		60.0
5.0	7.0	1.0	65.715	300000.0	11.0	2021-09-11_01-05-27		60.0
5.0	7.0	0.0	73.48	300000.0	12.0	2021-09-11_01-05-28		60.0
5.0	9.0	0.0	70.88	230000.0	4.0	2021-09-11_01-07-13		60.0
5.0	7.0	1.0	64.35	300000.0	13.0	2021-09-11_01-05-37		60.0
5.0	7.0	0.0	68.325	300000.0	18.0	2021-09-11_01-05-54		60.0
5.0	7.0	0.0	67.49	300000.0	21.0	2021-09-11_01-06-05		60.0
5.0	7.0	1.0	63.985	300000.0	19.0	2021-09-11_01-06-00		60.0
5.0	7.0	0.0	66.05	300000.0	23.0	2021-09-11_01-06-29		60.0
5.0	7.0	0.0	84.42	300000.0	22.0	2021-09-11_01-06-26		60.0
5.0	7.0	1.0	65.915	300000.0	24.0	2021-09-11_01-06-31		60.0
5.0	9.0	0.0	67.61	300000.0	0.0	2021-09-11_01-06-33		60.0
5.0	9.0	0.0	66.765	300000.0	1.0	2021-09-11_01-06-35		60.0
5.0	9.0	0.0	66.125	250000.0	12.0	2021-09-11_01-08-11		60.0
5.0	7.0	0.0	307.8	300000.0	17.0	2021-09-11_01-05-53		60.0
5.0	9.0	0.0	97.89	300000.0	3.0	2021-09-11_01-07-08		60.0
5.0	9.0	0.0	66.085	300000.0	5.0	2021-09-11_01-07-16		60.0
5.0	9.0	0.0	66.18	300000.0	6.0	2021-09-11_01-07-17		60.0
5.0	9.0	0.0	81.215	300000.0	7.0	2021-09-11_01-07-24		60.0
5.0	9.0	0.0	67.515	280000.0	14.0	2021-09-11_01-08-14		60.0
5.0	9.0	0.0	309.12	300000.0	2.0	2021-09-11_01-07-04		60.0
5.0	9.0	0.0	69.82	300000.0	9.0	2021-09-11_01-07-58		60.0
5.0	9.0	0.0	69.625	300000.0	11.0	2021-09-11_01-08-10		60.0
5.0	9.0	0.0	101.025	300000.0	8.0	2021-09-11_01-07-56		60.0
5.0	9.0	0.0	70.6	300000.0	13.0	2021-09-11_01-08-12		60.0
5.0	9.0	0.0	96.9	300000.0	10.0	2021-09-11_01-08-03		60.0
5.0	9.0	0.0	67.485	300000.0	16.0	2021-09-11_01-08-19		60.0
5.0	9.0	0.0	88.67	300000.0	17.0	2021-09-11_01-08-21		60.0
5.0	9.0	0.0	205.705	300000.0	15.0	2021-09-11_01-08-18		60.0
5.0	9.0	0.0	68.46	300000.0	18.0	2021-09-11_01-08-51		60.0
5.0	9.0	0.0	77.18	300000.0	19.0	2021-09-11_01-08-53		60.0
5.0	9.0	0.0	69.94	300000.0	20.0	2021-09-11_01-09-03		60.0
5.0	9.0	0.0	72.415	300000.0	21.0	2021-09-11_01-10-00		60.0
5.0	9.0	0.0	70.275	300000.0	22.0	2021-09-11_01-10-25		60.0
5.0	9.0	0.0	71.72	300000.0	23.0	2021-09-11_01-11-41		60.0
5.0	11.0	0.0	75.2	300000.0	0.0	2021-09-11_01-11-51		60.0
5.0	9.0	0.0	67.665	300000.0	24.0	2021-09-11_01-11-50		60.0
5.0	11.0	0.0	72.355	300000.0	1.0	2021-09-11_01-12-02		60.0
5.0	11.0	1.0	64.415	300000.0	2.0	2021-09-11_01-12-05		60.0
5.0	11.0	0.0	82.59	300000.0	3.0	2021-09-11_01-12-14		60.0
5.0	11.0	1.0	64.805	300000.0	4.0	2021-09-11_01-12-24		60.0
5.0	11.0	0.0	67.44	300000.0	6.0	2021-09-11_01-12-27		60.0
5.0	11.0	0.0	70.93	300000.0	8.0	2021-09-11_01-12-49		60.0
5.0	11.0	0.0	102.69	300000.0	7.0	2021-09-11_01-12-34		60.0
5.0	11.0	0.0	66.285	300000.0	10.0	2021-09-11_01-13-02		60.0
5.0	11.0	0.0	70.8	300000.0	11.0	2021-09-11_01-13-06		60.0
5.0	11.0	0.0	99.12	300000.0	9.0	2021-09-11_01-12-57		60.0
5.0	11.0	0.0	70.525	300000.0	12.0	2021-09-11_01-13-18		60.0
5.0	11.0	0.0	344.46	300000.0	5.0	2021-09-11_01-12-25		60.0
5.0	11.0	0.0	82.285	300000.0	14.0	2021-09-11_01-13-29		60.0
5.0	11.0	0.0	74.18	300000.0	13.0	2021-09-11_01-13-27		60.0
5.0	11.0	0.0	66.43	300000.0	15.0	2021-09-11_01-13-38		60.0
5.0	11.0	0.0	70.175	300000.0	16.0	2021-09-11_01-13-41		60.0
5.0	11.0	0.0	84.96	300000.0	18.0	2021-09-11_01-13-56		60.0
5.0	11.0	0.0	80.575	300000.0	17.0	2021-09-11_01-13-51		60.0
5.0	11.0	0.0	94.28	300000.0	19.0	2021-09-11_01-13-59		60.0
5.0	11.0	1.0	64.225	300000.0	20.0	2021-09-11_01-14-25		60.0
5.0	11.0	0.0	102.545	300000.0	21.0	2021-09-11_01-14-26		60.0
5.0	11.0	0.0	70.255	300000.0	22.0	2021-09-11_01-14-33		60.0
5.0	11.0	0.0	75.325	300000.0	24.0	2021-09-11_01-14-42		60.0
5.0	11.0	0.0	102.395	300000.0	23.0	2021-09-11_01-14-39		60.0
5.0	13.0	0.0	76.61	300000.0	1.0	2021-09-11_01-14-55		60.0
5.0	13.0	0.0	88.15	300000.0	0.0	2021-09-11_01-14-53		60.0
5.0	13.0	0.0	75.5	300000.0	4.0	2021-09-11_01-15-17		60.0
5.0	13.0	0.0	106.165	300000.0	3.0	2021-09-11_01-15-11		60.0
5.0	13.0	0.0	118.28	300000.0	2.0	2021-09-11_01-15-07		60.0
5.0	13.0	0.0	110.285	300000.0	5.0	2021-09-11_01-15-27		60.0
5.0	13.0	0.0	75.445	300000.0	6.0	2021-09-11_01-15-43		60.0
5.0	13.0	0.0	92.53	300000.0	7.0	2021-09-11_01-15-57		60.0
5.0	13.0	0.0	78.365	300000.0	8.0	2021-09-11_01-16-01		60.0
5.0	13.0	0.0	93.905	300000.0	9.0	2021-09-11_01-16-04		60.0
5.0	13.0	1.0	64.56	300000.0	11.0	2021-09-11_01-16-09		60.0
5.0	13.0	0.0	70.345	300000.0	10.0	2021-09-11_01-16-08		60.0
5.0	13.0	0.0	84.955	300000.0	13.0	2021-09-11_01-16-13		60.0
5.0	13.0	0.0	71.41	300000.0	15.0	2021-09-11_01-16-39		60.0
5.0	13.0	0.0	73.355	300000.0	17.0	2021-09-11_01-16-53		60.0
5.0	13.0	0.0	71.175	300000.0	18.0	2021-09-11_01-17-03		60.0
5.0	13.0	0.0	103.465	300000.0	16.0	2021-09-11_01-16-51		60.0
5.0	13.0	0.0	316.42	300000.0	12.0	2021-09-11_01-16-10		60.0
5.0	13.0	0.0	315.98	300000.0	14.0	2021-09-11_01-16-24		60.0
5.0	13.0	0.0	86.34	300000.0	19.0	2021-09-11_01-17-57		60.0
5.0	13.0	0.0	73.295	300000.0	20.0	2021-09-11_01-18-23		60.0
5.0	13.0	0.0	75.515	300000.0	22.0	2021-09-11_01-19-52		60.0
5.0	13.0	0.0	78.1	300000.0	21.0	2021-09-11_01-19-46		60.0
5.0	15.0	0.0	74.91	300000.0	0.0	2021-09-11_01-20-07		60.0
5.0	13.0	0.0	73.72	300000.0	23.0	2021-09-11_01-19-58		60.0
7.0	7.0	1.0	53.955	160000.0	1.0	2021-09-11_01-23-26		54.0
5.0	13.0	0.0	106.805	300000.0	24.0	2021-09-11_01-20-03		60.0
5.0	15.0	0.0	73.785	300000.0	1.0	2021-09-11_01-20-18		60.0
7.0	7.0	1.0	58.82	170000.0	0.0	2021-09-11_01-23-23		54.0
5.0	15.0	0.0	80.91	300000.0	2.0	2021-09-11_01-20-19		60.0
7.0	7.0	0.0	63.29	160000.0	2.0	2021-09-11_01-23-31		54.0
5.0	15.0	0.0	84.14	300000.0	3.0	2021-09-11_01-20-27		60.0
7.0	7.0	0.0	67.945	170000.0	3.0	2021-09-11_01-23-36		54.0
5.0	15.0	0.0	76.275	300000.0	4.0	2021-09-11_01-20-47		60.0
5.0	15.0	0.0	84.195	300000.0	5.0	2021-09-11_01-20-50		60.0
5.0	15.0	0.0	81.36	300000.0	6.0	2021-09-11_01-20-56		60.0
7.0	7.0	0.0	63.32	160000.0	5.0	2021-09-11_01-24-04		54.0
7.0	7.0	1.0	58.93	170000.0	4.0	2021-09-11_01-23-47		54.0
7.0	7.0	0.0	63.28	160000.0	8.0	2021-09-11_01-24-09		54.0
5.0	15.0	0.0	67.72	290000.0	10.0	2021-09-11_01-21-28		60.0
5.0	15.0	0.0	78.36	300000.0	7.0	2021-09-11_01-21-02		60.0
5.0	15.0	0.0	80.87	300000.0	8.0	2021-09-11_01-21-09		60.0
7.0	7.0	0.0	63.105	160000.0	10.0	2021-09-11_01-24-19		54.0
7.0	7.0	1.0	58.975	170000.0	7.0	2021-09-11_01-24-06		54.0
7.0	7.0	0.0	63.735	170000.0	6.0	2021-09-11_01-24-05		54.0
7.0	7.0	1.0	59.37	170000.0	9.0	2021-09-11_01-24-14		54.0
5.0	15.0	0.0	79.505	300000.0	9.0	2021-09-11_01-21-18		60.0
5.0	15.0	0.0	70.495	300000.0	11.0	2021-09-11_01-21-30		60.0
5.0	15.0	0.0	80.925	300000.0	12.0	2021-09-11_01-21-32		60.0
7.0	7.0	0.0	63.93	160000.0	11.0	2021-09-11_01-24-35		54.0
5.0	15.0	0.0	76.355	300000.0	13.0	2021-09-11_01-21-36		60.0
5.0	15.0	0.0	72.98	300000.0	14.0	2021-09-11_01-21-44		60.0
5.0	15.0	0.0	70.655	300000.0	16.0	2021-09-11_01-21-58		60.0
7.0	7.0	0.0	67.865	160000.0	13.0	2021-09-11_01-25-06		54.0
5.0	15.0	0.0	89.005	300000.0	15.0	2021-09-11_01-21-55		60.0
7.0	7.0	0.0	63.675	170000.0	12.0	2021-09-11_01-24-55		54.0
7.0	7.0	0.0	63.95	160000.0	14.0	2021-09-11_01-25-10		54.0
5.0	15.0	0.0	79.77	300000.0	17.0	2021-09-11_01-22-06		60.0
5.0	15.0	0.0	72.35	300000.0	18.0	2021-09-11_01-22-25		60.0
5.0	15.0	0.0	81.145	300000.0	19.0	2021-09-11_01-22-28		60.0
5.0	15.0	0.0	95.82	300000.0	20.0	2021-09-11_01-22-32		60.0
5.0	15.0	0.0	80.225	300000.0	21.0	2021-09-11_01-22-42		60.0
7.0	7.0	0.0	63.305	180000.0	16.0	2021-09-11_01-25-36		54.0
5.0	15.0	0.0	81.62	300000.0	22.0	2021-09-11_01-22-51		60.0
5.0	15.0	0.0	80.455	300000.0	23.0	2021-09-11_01-22-56		60.0
5.0	15.0	0.0	72.69	300000.0	24.0	2021-09-11_01-23-07		60.0
7.0	7.0	0.0	60.165	200000.0	15.0	2021-09-11_01-25-17		54.0
7.0	7.0	0.0	63.96	180000.0	17.0	2021-09-11_01-26-01		54.0
7.0	7.0	1.0	58.95	180000.0	18.0	2021-09-11_01-26-28		54.0
7.0	7.0	0.0	63.315	160000.0	19.0	2021-09-11_01-27-55		54.0
7.0	7.0	0.0	63.655	160000.0	22.0	2021-09-11_01-28-06		54.0
7.0	7.0	0.0	63.305	170000.0	23.0	2021-09-11_01-28-10		54.0
7.0	7.0	1.0	53.675	190000.0	24.0	2021-09-11_01-28-11		54.0
7.0	7.0	1.0	58.705	200000.0	20.0	2021-09-11_01-27-56		54.0
7.0	7.0	1.0	58.685	200000.0	21.0	2021-09-11_01-28-03		54.0
7.0	9.0	1.0	57.25	230000.0	0.0	2021-09-11_01-28-14		54.0
7.0	9.0	1.0	56.405	200000.0	17.0	2021-09-11_01-29-12		54.0
7.0	9.0	0.0	60.55	190000.0	18.0	2021-09-11_01-29-23		54.0
7.0	9.0	1.0	56.305	240000.0	2.0	2021-09-11_01-28-27		54.0
7.0	9.0	1.0	57.865	220000.0	20.0	2021-09-11_01-29-26		54.0
7.0	9.0	0.0	60.74	240000.0	13.0	2021-09-11_01-29-06		54.0
7.0	9.0	1.0	55.99	240000.0	19.0	2021-09-11_01-29-25		54.0
7.0	9.0	1.0	57.84	270000.0	9.0	2021-09-11_01-28-57		54.0
7.0	11.0	1.0	58.485	230000.0	5.0	2021-09-11_01-30-09		54.0
7.0	9.0	1.0	57.895	300000.0	3.0	2021-09-11_01-28-28		54.0
7.0	9.0	0.0	88.925	300000.0	1.0	2021-09-11_01-28-26		54.0
7.0	9.0	0.0	73.275	300000.0	4.0	2021-09-11_01-28-30		54.0
7.0	9.0	0.0	60.16	300000.0	5.0	2021-09-11_01-28-43		54.0
7.0	9.0	1.0	58.33	300000.0	6.0	2021-09-11_01-28-49		54.0
7.0	9.0	1.0	58.71	300000.0	7.0	2021-09-11_01-28-51		54.0
7.0	9.0	1.0	57.22	300000.0	12.0	2021-09-11_01-29-04		54.0
7.0	9.0	0.0	65.95	300000.0	11.0	2021-09-11_01-29-00		54.0
7.0	9.0	0.0	60.13	300000.0	8.0	2021-09-11_01-28-56		54.0
7.0	9.0	0.0	61.38	300000.0	16.0	2021-09-11_01-29-11		54.0
7.0	9.0	1.0	58.115	300000.0	14.0	2021-09-11_01-29-09		54.0
7.0	9.0	1.0	57.825	300000.0	10.0	2021-09-11_01-28-59		54.0
7.0	9.0	1.0	58.96	300000.0	15.0	2021-09-11_01-29-10		54.0
7.0	9.0	1.0	57.995	300000.0	22.0	2021-09-11_01-29-28		54.0
7.0	11.0	0.0	59.635	270000.0	4.0	2021-09-11_01-30-06		54.0
7.0	9.0	0.0	59.515	300000.0	21.0	2021-09-11_01-29-27		54.0
7.0	9.0	0.0	67.23	290000.0	23.0	2021-09-11_01-29-36		54.0
7.0	9.0	0.0	62.145	290000.0	24.0	2021-09-11_01-29-44		54.0
7.0	11.0	1.0	57.495	300000.0	2.0	2021-09-11_01-29-59		54.0
7.0	11.0	1.0	55.65	270000.0	8.0	2021-09-11_01-30-35		54.0
7.0	11.0	0.0	60.56	300000.0	0.0	2021-09-11_01-29-55		54.0
7.0	11.0	0.0	59.695	300000.0	1.0	2021-09-11_01-29-57		54.0
7.0	11.0	1.0	58.29	300000.0	7.0	2021-09-11_01-30-31		54.0
7.0	11.0	0.0	77.685	300000.0	6.0	2021-09-11_01-30-21		54.0
7.0	11.0	1.0	56.505	270000.0	15.0	2021-09-11_01-31-21		54.0
7.0	11.0	0.0	61.82	300000.0	9.0	2021-09-11_01-30-46		54.0
7.0	11.0	0.0	61.28	300000.0	10.0	2021-09-11_01-30-50		54.0
7.0	11.0	0.0	59.65	300000.0	11.0	2021-09-11_01-30-52		54.0
7.0	11.0	0.0	266.685	300000.0	3.0	2021-09-11_01-30-05		54.0
7.0	11.0	0.0	80.15	300000.0	12.0	2021-09-11_01-30-57		54.0
7.0	11.0	0.0	62.665	300000.0	14.0	2021-09-11_01-31-11		54.0
7.0	11.0	0.0	79.265	300000.0	13.0	2021-09-11_01-31-00		54.0
7.0	11.0	1.0	56.81	240000.0	19.0	2021-09-11_01-33-12		54.0
7.0	11.0	0.0	79.795	300000.0	16.0	2021-09-11_01-31-47		54.0
7.0	11.0	1.0	59.07	300000.0	17.0	2021-09-11_01-32-58		54.0
7.0	11.0	0.0	61.475	300000.0	18.0	2021-09-11_01-33-02		54.0
7.0	11.0	0.0	60.0	300000.0	20.0	2021-09-11_01-33-38		54.0
7.0	11.0	0.0	65.86	300000.0	22.0	2021-09-11_01-33-49		54.0
7.0	11.0	0.0	64.77	300000.0	21.0	2021-09-11_01-33-41		54.0
7.0	11.0	0.0	62.95	300000.0	23.0	2021-09-11_01-34-32		54.0
7.0	11.0	0.0	61.17	300000.0	24.0	2021-09-11_01-34-48		54.0
7.0	13.0	0.0	68.02	300000.0	0.0	2021-09-11_01-34-50		54.0
7.0	13.0	0.0	62.93	300000.0	1.0	2021-09-11_01-35-01		54.0
7.0	13.0	0.0	67.11	300000.0	2.0	2021-09-11_01-35-33		54.0
7.0	13.0	0.0	59.47	270000.0	6.0	2021-09-11_01-36-21		54.0
7.0	13.0	0.0	66.77	300000.0	4.0	2021-09-11_01-35-57		54.0
7.0	13.0	0.0	85.195	300000.0	5.0	2021-09-11_01-36-12		54.0
7.0	13.0	0.0	77.66	300000.0	7.0	2021-09-11_01-36-28		54.0
7.0	13.0	0.0	80.03	300000.0	8.0	2021-09-11_01-36-35		54.0
7.0	13.0	0.0	275.76	300000.0	3.0	2021-09-11_01-35-44		54.0
7.0	13.0	0.0	61.065	300000.0	9.0	2021-09-11_01-36-36		54.0
7.0	13.0	0.0	68.69	300000.0	11.0	2021-09-11_01-36-44		54.0
7.0	13.0	0.0	80.04	300000.0	10.0	2021-09-11_01-36-39		54.0
7.0	13.0	0.0	89.195	300000.0	12.0	2021-09-11_01-36-50		54.0
7.0	13.0	0.0	63.545	300000.0	14.0	2021-09-11_01-37-00		54.0
7.0	13.0	0.0	78.125	300000.0	16.0	2021-09-11_01-37-09		54.0
7.0	13.0	0.0	67.95	300000.0	17.0	2021-09-11_01-37-11		54.0
7.0	13.0	0.0	67.21	300000.0	20.0	2021-09-11_01-37-17		54.0
7.0	13.0	0.0	82.755	300000.0	18.0	2021-09-11_01-37-12		54.0
7.0	13.0	0.0	96.865	300000.0	19.0	2021-09-11_01-37-13		54.0
7.0	13.0	0.0	63.33	300000.0	22.0	2021-09-11_01-37-29		54.0
7.0	13.0	0.0	66.6	300000.0	21.0	2021-09-11_01-37-22		54.0
7.0	13.0	0.0	143.015	300000.0	15.0	2021-09-11_01-37-03		54.0
7.0	13.0	0.0	78.525	300000.0	23.0	2021-09-11_01-37-31		54.0
7.0	15.0	0.0	72.91	300000.0	0.0	2021-09-11_01-37-49		54.0
7.0	13.0	0.0	72.23	300000.0	24.0	2021-09-11_01-37-36		54.0
7.0	13.0	0.0	288.83	300000.0	13.0	2021-09-11_01-36-54		54.0
7.0	15.0	0.0	66.39	300000.0	1.0	2021-09-11_01-37-50		54.0
7.0	15.0	0.0	69.405	300000.0	2.0	2021-09-11_01-37-55		54.0
7.0	15.0	0.0	64.675	300000.0	3.0	2021-09-11_01-38-03		54.0
7.0	15.0	0.0	72.165	300000.0	5.0	2021-09-11_01-38-23		54.0
7.0	15.0	0.0	72.995	300000.0	4.0	2021-09-11_01-38-20		54.0
7.0	15.0	0.0	72.93	300000.0	6.0	2021-09-11_01-38-28		54.0
7.0	15.0	0.0	71.465	300000.0	7.0	2021-09-11_01-38-39		54.0
7.0	15.0	0.0	66.93	300000.0	8.0	2021-09-11_01-38-41		54.0
7.0	15.0	0.0	67.745	300000.0	9.0	2021-09-11_01-38-46		54.0
7.0	15.0	0.0	70.89	300000.0	10.0	2021-09-11_01-38-57		54.0
7.0	15.0	0.0	77.7	300000.0	11.0	2021-09-11_01-39-04		54.0
7.0	15.0	0.0	71.795	300000.0	12.0	2021-09-11_01-39-05		54.0
7.0	15.0	0.0	72.565	300000.0	13.0	2021-09-11_01-39-07		54.0
7.0	15.0	0.0	65.48	300000.0	15.0	2021-09-11_01-39-48		54.0
7.0	15.0	0.0	80.825	300000.0	14.0	2021-09-11_01-39-44		54.0
7.0	15.0	0.0	69.4	300000.0	16.0	2021-09-11_01-40-51		54.0
7.0	15.0	0.0	75.39	300000.0	17.0	2021-09-11_01-40-57		54.0
9.0	9.0	0.0	52.835	190000.0	0.0	2021-09-11_01-43-34		48.0
9.0	9.0	1.0	52.575	170000.0	2.0	2021-09-11_01-44-05		48.0
9.0	9.0	0.0	52.825	170000.0	3.0	2021-09-11_01-44-23		48.0
7.0	15.0	0.0	87.425	300000.0	18.0	2021-09-11_01-41-29		54.0
9.0	9.0	0.0	52.825	170000.0	4.0	2021-09-11_01-44-31		48.0
9.0	9.0	1.0	52.795	160000.0	8.0	2021-09-11_01-44-48		48.0
7.0	15.0	0.0	79.095	300000.0	20.0	2021-09-11_01-41-43		54.0
9.0	9.0	1.0	52.8	160000.0	7.0	2021-09-11_01-44-45		48.0
7.0	15.0	0.0	71.81	300000.0	19.0	2021-09-11_01-41-42		54.0
9.0	9.0	0.0	52.81	170000.0	6.0	2021-09-11_01-44-37		48.0
9.0	9.0	1.0	52.8	160000.0	10.0	2021-09-11_01-44-59		48.0
9.0	9.0	0.0	52.81	160000.0	12.0	2021-09-11_01-45-07		48.0
9.0	9.0	0.0	52.815	160000.0	11.0	2021-09-11_01-45-06		48.0
9.0	9.0	1.0	48.02	230000.0	1.0	2021-09-11_01-43-36		48.0
9.0	9.0	1.0	52.66	160000.0	13.0	2021-09-11_01-45-19		48.0
9.0	9.0	1.0	52.565	170000.0	14.0	2021-09-11_01-45-20		48.0
9.0	9.0	0.0	52.81	160000.0	19.0	2021-09-11_01-45-30		48.0
9.0	9.0	0.0	52.81	160000.0	17.0	2021-09-11_01-45-28		48.0
7.0	15.0	0.0	67.02	300000.0	21.0	2021-09-11_01-42-27		54.0
9.0	9.0	0.0	52.815	190000.0	9.0	2021-09-11_01-44-52		48.0
9.0	9.0	1.0	52.8	160000.0	21.0	2021-09-11_01-45-39		48.0
9.0	9.0	0.0	52.82	170000.0	20.0	2021-09-11_01-45-31		48.0
9.0	9.0	0.0	52.815	170000.0	15.0	2021-09-11_01-45-25		48.0
9.0	9.0	1.0	47.93	210000.0	5.0	2021-09-11_01-44-36		48.0
7.0	15.0	0.0	70.195	300000.0	22.0	2021-09-11_01-42-41		54.0
9.0	9.0	0.0	52.85	170000.0	24.0	2021-09-11_01-45-46		48.0
7.0	15.0	0.0	66.855	300000.0	24.0	2021-09-11_01-42-55		54.0
9.0	9.0	1.0	52.78	180000.0	18.0	2021-09-11_01-45-29		48.0
7.0	15.0	0.0	71.245	300000.0	23.0	2021-09-11_01-42-49		54.0
9.0	9.0	0.0	52.835	190000.0	16.0	2021-09-11_01-45-27		48.0
9.0	9.0	0.0	53.61	180000.0	22.0	2021-09-11_01-45-41		48.0
9.0	9.0	0.0	52.805	180000.0	23.0	2021-09-11_01-45-44		48.0
9.0	11.0	1.0	49.67	240000.0	0.0	2021-09-11_01-45-50		48.0
9.0	11.0	1.0	50.175	230000.0	9.0	2021-09-11_01-47-05		48.0
9.0	11.0	1.0	50.36	280000.0	2.0	2021-09-11_01-46-14		48.0
9.0	11.0	1.0	50.28	260000.0	8.0	2021-09-11_01-46-52		48.0
9.0	11.0	1.0	51.66	300000.0	1.0	2021-09-11_01-46-01		48.0
9.0	11.0	1.0	51.155	260000.0	11.0	2021-09-11_01-47-07		48.0
9.0	11.0	0.0	53.17	300000.0	3.0	2021-09-11_01-46-18		48.0
9.0	11.0	1.0	51.26	280000.0	7.0	2021-09-11_01-46-45		48.0
9.0	11.0	1.0	51.745	300000.0	4.0	2021-09-11_01-46-23		48.0
9.0	11.0	0.0	65.74	300000.0	5.0	2021-09-11_01-46-34		48.0
9.0	11.0	1.0	52.105	300000.0	6.0	2021-09-11_01-46-36		48.0
9.0	11.0	0.0	52.985	300000.0	10.0	2021-09-11_01-47-06		48.0
9.0	11.0	1.0	51.305	300000.0	13.0	2021-09-11_01-47-43		48.0
9.0	11.0	1.0	51.84	300000.0	12.0	2021-09-11_01-47-42		48.0
9.0	11.0	1.0	48.76	230000.0	24.0	2021-09-11_01-49-43		48.0
9.0	11.0	1.0	52.25	260000.0	19.0	2021-09-11_01-49-29		48.0
9.0	11.0	1.0	51.185	300000.0	14.0	2021-09-11_01-48-48		48.0
9.0	11.0	1.0	51.325	300000.0	15.0	2021-09-11_01-48-50		48.0
9.0	11.0	0.0	53.125	300000.0	16.0	2021-09-11_01-48-59		48.0
9.0	11.0	1.0	51.305	280000.0	22.0	2021-09-11_01-49-40		48.0
9.0	11.0	1.0	51.375	280000.0	23.0	2021-09-11_01-49-41		48.0
9.0	11.0	0.0	54.89	300000.0	17.0	2021-09-11_01-49-09		48.0
9.0	11.0	1.0	50.745	300000.0	20.0	2021-09-11_01-49-33		48.0
9.0	11.0	1.0	50.88	300000.0	18.0	2021-09-11_01-49-27		48.0
9.0	11.0	1.0	52.6	300000.0	21.0	2021-09-11_01-49-38		48.0
9.0	13.0	0.0	53.44	260000.0	15.0	2021-09-11_01-50-40		48.0
9.0	13.0	0.0	64.535	300000.0	0.0	2021-09-11_01-49-45		48.0
9.0	13.0	0.0	57.615	300000.0	1.0	2021-09-11_01-49-49		48.0
9.0	13.0	1.0	51.125	270000.0	11.0	2021-09-11_01-50-29		48.0
9.0	13.0	1.0	52.73	280000.0	6.0	2021-09-11_01-50-23		48.0
9.0	13.0	0.0	64.855	300000.0	3.0	2021-09-11_01-49-54		48.0
9.0	13.0	0.0	68.045	300000.0	2.0	2021-09-11_01-49-52		48.0
9.0	13.0	0.0	55.17	300000.0	4.0	2021-09-11_01-50-06		48.0
9.0	13.0	0.0	65.66	300000.0	5.0	2021-09-11_01-50-08		48.0
9.0	13.0	0.0	54.27	300000.0	8.0	2021-09-11_01-50-25		48.0
9.0	13.0	1.0	52.37	300000.0	12.0	2021-09-11_01-50-32		48.0
9.0	13.0	0.0	53.805	300000.0	9.0	2021-09-11_01-50-26		48.0
9.0	13.0	1.0	51.505	300000.0	10.0	2021-09-11_01-50-28		48.0
9.0	13.0	0.0	67.905	300000.0	7.0	2021-09-11_01-50-24		48.0
9.0	13.0	0.0	52.81	300000.0	14.0	2021-09-11_01-50-34		48.0
9.0	13.0	0.0	74.3	300000.0	13.0	2021-09-11_01-50-33		48.0
9.0	13.0	1.0	50.575	300000.0	16.0	2021-09-11_01-50-50		48.0
9.0	13.0	1.0	52.035	300000.0	21.0	2021-09-11_01-51-01		48.0
9.0	13.0	0.0	58.7	300000.0	22.0	2021-09-11_01-51-02		48.0
9.0	13.0	0.0	56.71	300000.0	18.0	2021-09-11_01-50-54		48.0
9.0	13.0	0.0	71.095	300000.0	17.0	2021-09-11_01-50-52		48.0
9.0	13.0	0.0	68.255	300000.0	20.0	2021-09-11_01-50-59		48.0
9.0	13.0	0.0	74.67	300000.0	19.0	2021-09-11_01-50-55		48.0
9.0	13.0	0.0	54.62	300000.0	23.0	2021-09-11_01-52-21		48.0
9.0	13.0	0.0	54.26	300000.0	24.0	2021-09-11_01-53-20		48.0
9.0	15.0	0.0	68.955	300000.0	0.0	2021-09-11_01-53-33		48.0
9.0	15.0	1.0	52.54	300000.0	1.0	2021-09-11_01-53-55		48.0
9.0	15.0	0.0	58.57	300000.0	2.0	2021-09-11_01-53-57		48.0
9.0	15.0	1.0	51.845	300000.0	3.0	2021-09-11_01-54-04		48.0
9.0	15.0	0.0	59.405	300000.0	4.0	2021-09-11_01-54-05		48.0
9.0	15.0	0.0	62.79	300000.0	5.0	2021-09-11_01-54-09		48.0
9.0	15.0	0.0	58.875	300000.0	6.0	2021-09-11_01-54-25		48.0
11.0	11.0	1.0	41.725	160000.0	0.0	2021-09-11_01-57-46		42.0
9.0	15.0	0.0	65.345	300000.0	7.0	2021-09-11_01-54-32		48.0
9.0	15.0	0.0	65.965	300000.0	8.0	2021-09-11_01-54-34		48.0
11.0	11.0	1.0	41.73	160000.0	4.0	2021-09-11_01-57-58		42.0
11.0	11.0	1.0	41.715	160000.0	3.0	2021-09-11_01-57-56		42.0
11.0	11.0	1.0	41.735	170000.0	2.0	2021-09-11_01-57-54		42.0
9.0	15.0	0.0	58.225	300000.0	9.0	2021-09-11_01-55-08		48.0
11.0	11.0	1.0	41.73	160000.0	6.0	2021-09-11_01-58-17		42.0
11.0	11.0	1.0	41.735	190000.0	1.0	2021-09-11_01-57-47		42.0
11.0	11.0	1.0	41.71	160000.0	7.0	2021-09-11_01-58-23		42.0
11.0	11.0	1.0	41.715	160000.0	9.0	2021-09-11_01-58-28		42.0
11.0	11.0	1.0	41.755	160000.0	11.0	2021-09-11_01-58-33		42.0
11.0	11.0	0.0	46.49	160000.0	8.0	2021-09-11_01-58-27		42.0
11.0	11.0	0.0	46.64	160000.0	10.0	2021-09-11_01-58-29		42.0
9.0	15.0	0.0	62.135	300000.0	10.0	2021-09-11_01-55-29		48.0
9.0	15.0	0.0	76.405	300000.0	11.0	2021-09-11_01-55-31		48.0
11.0	11.0	1.0	41.73	190000.0	5.0	2021-09-11_01-58-08		42.0
11.0	11.0	1.0	41.735	160000.0	16.0	2021-09-11_01-58-59		42.0
11.0	11.0	1.0	41.73	170000.0	13.0	2021-09-11_01-58-47		42.0
11.0	11.0	1.0	41.865	180000.0	12.0	2021-09-11_01-58-34		42.0
11.0	11.0	1.0	41.725	160000.0	14.0	2021-09-11_01-58-57		42.0
11.0	11.0	1.0	41.755	160000.0	18.0	2021-09-11_01-59-02		42.0
9.0	15.0	0.0	53.535	300000.0	12.0	2021-09-11_01-56-02		48.0
11.0	11.0	1.0	41.745	160000.0	20.0	2021-09-11_01-59-08		42.0
11.0	11.0	1.0	41.725	170000.0	15.0	2021-09-11_01-58-58		42.0
11.0	11.0	1.0	41.915	180000.0	17.0	2021-09-11_01-59-01		42.0
11.0	11.0	1.0	41.735	190000.0	19.0	2021-09-11_01-59-05		42.0
9.0	15.0	0.0	54.255	300000.0	13.0	2021-09-11_01-56-34		48.0
9.0	15.0	0.0	69.3	300000.0	14.0	2021-09-11_01-56-42		48.0
9.0	15.0	0.0	66.535	300000.0	15.0	2021-09-11_01-56-46		48.0
9.0	15.0	0.0	71.995	300000.0	16.0	2021-09-11_01-56-51		48.0
11.0	11.0	1.0	41.755	160000.0	21.0	2021-09-11_02-00-14		42.0
9.0	15.0	0.0	63.425	300000.0	17.0	2021-09-11_01-57-07		48.0
9.0	15.0	0.0	69.115	300000.0	18.0	2021-09-11_01-57-08		48.0
9.0	15.0	0.0	63.09	300000.0	19.0	2021-09-11_01-57-17		48.0
9.0	15.0	0.0	76.585	300000.0	20.0	2021-09-11_01-57-26		48.0
9.0	15.0	0.0	65.38	300000.0	21.0	2021-09-11_01-57-34		48.0
9.0	15.0	0.0	65.415	300000.0	22.0	2021-09-11_01-57-39		48.0
9.0	15.0	0.0	67.55	300000.0	23.0	2021-09-11_01-57-44		48.0
9.0	15.0	0.0	65.55	300000.0	24.0	2021-09-11_01-57-45		48.0
11.0	11.0	1.0	41.735	160000.0	22.0	2021-09-11_02-01-18		42.0
11.0	11.0	0.0	46.5	160000.0	23.0	2021-09-11_02-01-24		42.0
11.0	11.0	1.0	41.765	170000.0	24.0	2021-09-11_02-01-44		42.0
11.0	13.0	1.0	43.53	200000.0	1.0	2021-09-11_02-01-52		42.0
11.0	13.0	1.0	45.26	210000.0	2.0	2021-09-11_02-01-54		42.0
11.0	13.0	1.0	43.335	220000.0	3.0	2021-09-11_02-02-04		42.0
11.0	13.0	0.0	47.75	230000.0	0.0	2021-09-11_02-01-48		42.0
11.0	13.0	1.0	43.55	220000.0	6.0	2021-09-11_02-02-32		42.0
11.0	13.0	1.0	43.98	230000.0	5.0	2021-09-11_02-02-31		42.0
11.0	13.0	1.0	45.71	210000.0	15.0	2021-09-11_02-03-11		42.0
11.0	13.0	1.0	45.24	190000.0	24.0	2021-09-11_02-03-46		42.0
11.0	13.0	1.0	43.39	220000.0	19.0	2021-09-11_02-03-20		42.0
11.0	13.0	1.0	44.825	270000.0	8.0	2021-09-11_02-02-38		42.0
11.0	13.0	1.0	42.99	250000.0	12.0	2021-09-11_02-03-06		42.0
11.0	13.0	1.0	43.6	250000.0	14.0	2021-09-11_02-03-09		42.0
11.0	13.0	1.0	45.08	270000.0	11.0	2021-09-11_02-02-58		42.0
11.0	13.0	1.0	44.935	300000.0	4.0	2021-09-11_02-02-18		42.0
11.0	13.0	1.0	45.92	300000.0	9.0	2021-09-11_02-02-39		42.0
11.0	13.0	0.0	49.665	290000.0	10.0	2021-09-11_02-02-47		42.0
11.0	13.0	0.0	52.535	300000.0	7.0	2021-09-11_02-02-36		42.0
11.0	13.0	1.0	44.81	290000.0	13.0	2021-09-11_02-03-08		42.0
11.0	13.0	0.0	49.13	300000.0	17.0	2021-09-11_02-03-17		42.0
11.0	13.0	1.0	45.18	300000.0	18.0	2021-09-11_02-03-18		42.0
11.0	13.0	1.0	45.86	300000.0	16.0	2021-09-11_02-03-16		42.0
11.0	13.0	1.0	43.13	290000.0	22.0	2021-09-11_02-03-40		42.0
11.0	13.0	1.0	44.35	300000.0	20.0	2021-09-11_02-03-27		42.0
11.0	13.0	1.0	44.75	300000.0	21.0	2021-09-11_02-03-37		42.0
11.0	15.0	1.0	43.7	300000.0	1.0	2021-09-11_02-03-48		42.0
11.0	15.0	0.0	48.95	300000.0	0.0	2021-09-11_02-03-47		42.0
11.0	13.0	0.0	46.705	300000.0	23.0	2021-09-11_02-03-45		42.0
11.0	15.0	1.0	44.69	300000.0	4.0	2021-09-11_02-03-58		42.0
11.0	15.0	0.0	55.915	300000.0	2.0	2021-09-11_02-03-53		42.0
11.0	15.0	0.0	60.35	300000.0	3.0	2021-09-11_02-03-55		42.0
11.0	15.0	1.0	44.835	290000.0	5.0	2021-09-11_02-04-14		42.0
11.0	15.0	1.0	44.88	280000.0	11.0	2021-09-11_02-04-54		42.0
11.0	15.0	0.0	52.21	300000.0	6.0	2021-09-11_02-04-27		42.0
11.0	15.0	0.0	49.445	300000.0	7.0	2021-09-11_02-04-29		42.0
11.0	15.0	0.0	49.905	300000.0	10.0	2021-09-11_02-04-46		42.0
11.0	15.0	0.0	61.195	300000.0	9.0	2021-09-11_02-04-42		42.0
11.0	15.0	0.0	60.34	300000.0	8.0	2021-09-11_02-04-39		42.0
11.0	15.0	1.0	44.465	270000.0	17.0	2021-09-11_02-05-38		42.0
13.0	13.0	1.0	35.89	160000.0	1.0	2021-09-11_02-08-14		36.0
11.0	15.0	1.0	45.675	300000.0	13.0	2021-09-11_02-05-10		42.0
11.0	15.0	0.0	48.88	300000.0	12.0	2021-09-11_02-05-07		42.0
13.0	13.0	1.0	35.895	170000.0	0.0	2021-09-11_02-08-03		36.0
11.0	15.0	1.0	44.485	280000.0	16.0	2021-09-11_02-05-37		42.0
11.0	15.0	0.0	50.15	300000.0	14.0	2021-09-11_02-05-11		42.0
13.0	13.0	1.0	35.9	160000.0	2.0	2021-09-11_02-08-39		36.0
11.0	15.0	0.0	52.145	300000.0	15.0	2021-09-11_02-05-27		42.0
13.0	13.0	1.0	35.885	160000.0	3.0	2021-09-11_02-08-48		36.0
11.0	15.0	0.0	49.04	300000.0	18.0	2021-09-11_02-05-45		42.0
11.0	15.0	1.0	44.68	300000.0	19.0	2021-09-11_02-05-47		42.0
13.0	13.0	1.0	35.945	160000.0	4.0	2021-09-11_02-09-00		36.0
11.0	15.0	1.0	44.46	220000.0	24.0	2021-09-11_02-07-46		42.0
11.0	15.0	1.0	43.99	300000.0	20.0	2021-09-11_02-06-00		42.0
13.0	13.0	1.0	35.895	160000.0	5.0	2021-09-11_02-09-13		36.0
11.0	15.0	0.0	57.095	300000.0	21.0	2021-09-11_02-06-05		42.0
13.0	13.0	1.0	35.89	170000.0	6.0	2021-09-11_02-09-19		36.0
13.0	13.0	1.0	35.905	160000.0	7.0	2021-09-11_02-09-48		36.0
13.0	13.0	1.0	35.9	160000.0	8.0	2021-09-11_02-09-51		36.0
13.0	13.0	1.0	35.89	160000.0	9.0	2021-09-11_02-10-00		36.0
11.0	15.0	0.0	49.925	300000.0	22.0	2021-09-11_02-06-43		42.0
13.0	13.0	1.0	35.9	160000.0	10.0	2021-09-11_02-10-10		36.0
13.0	13.0	1.0	35.9	160000.0	11.0	2021-09-11_02-10-19		36.0
13.0	13.0	1.0	35.9	160000.0	12.0	2021-09-11_02-10-30		36.0
13.0	13.0	1.0	35.92	160000.0	13.0	2021-09-11_02-10-35		36.0
11.0	15.0	0.0	60.565	300000.0	23.0	2021-09-11_02-07-29		42.0
13.0	13.0	1.0	35.9	160000.0	15.0	2021-09-11_02-10-51		36.0
13.0	13.0	1.0	35.91	160000.0	18.0	2021-09-11_02-11-15		36.0
13.0	13.0	1.0	35.9	160000.0	19.0	2021-09-11_02-11-21		36.0
13.0	13.0	1.0	35.975	170000.0	16.0	2021-09-11_02-11-11		36.0
13.0	13.0	1.0	35.89	190000.0	14.0	2021-09-11_02-10-40		36.0
13.0	13.0	1.0	35.89	160000.0	21.0	2021-09-11_02-11-29		36.0
13.0	13.0	1.0	35.88	160000.0	22.0	2021-09-11_02-11-38		36.0
13.0	13.0	1.0	35.905	180000.0	17.0	2021-09-11_02-11-14		36.0
13.0	13.0	1.0	35.895	160000.0	23.0	2021-09-11_02-11-39		36.0
13.0	13.0	1.0	35.88	180000.0	20.0	2021-09-11_02-11-22		36.0
13.0	13.0	1.0	35.9	160000.0	24.0	2021-09-11_02-11-47		36.0
13.0	15.0	1.0	37.1	220000.0	1.0	2021-09-11_02-11-50		36.0
13.0	15.0	1.0	36.745	230000.0	0.0	2021-09-11_02-11-48		36.0
13.0	15.0	1.0	37.295	230000.0	2.0	2021-09-11_02-11-52		36.0
13.0	15.0	1.0	37.445	230000.0	3.0	2021-09-11_02-11-54		36.0
13.0	15.0	1.0	37.055	220000.0	5.0	2021-09-11_02-12-16		36.0
15.0	15.0	1.0	30.01	160000.0	0.0	2021-09-11_02-13-54		30.0
15.0	15.0	1.0	30.01	160000.0	1.0	2021-09-11_02-13-58		30.0
13.0	15.0	1.0	37.72	220000.0	7.0	2021-09-11_02-12-34		36.0
13.0	15.0	1.0	37.725	220000.0	8.0	2021-09-11_02-12-39		36.0
13.0	15.0	1.0	38.155	230000.0	6.0	2021-09-11_02-12-29		36.0
13.0	15.0	1.0	37.055	210000.0	14.0	2021-09-11_02-13-05		36.0
15.0	15.0	1.0	30.01	160000.0	2.0	2021-09-11_02-14-16		30.0
15.0	15.0	1.0	30.005	160000.0	3.0	2021-09-11_02-14-26		30.0
13.0	15.0	1.0	36.85	220000.0	12.0	2021-09-11_02-13-02		36.0
13.0	15.0	1.0	37.32	260000.0	4.0	2021-09-11_02-12-13		36.0
15.0	15.0	1.0	30.01	160000.0	4.0	2021-09-11_02-14-33		30.0
13.0	15.0	1.0	37.19	220000.0	15.0	2021-09-11_02-13-06		36.0
13.0	15.0	1.0	37.32	220000.0	16.0	2021-09-11_02-13-08		36.0
13.0	15.0	1.0	37.21	240000.0	9.0	2021-09-11_02-12-40		36.0
13.0	15.0	1.0	37.33	220000.0	11.0	2021-09-11_02-13-01		36.0
15.0	15.0	1.0	30.01	160000.0	5.0	2021-09-11_02-14-37		30.0
15.0	15.0	1.0	30.005	160000.0	6.0	2021-09-11_02-14-38		30.0
13.0	15.0	1.0	38.215	240000.0	10.0	2021-09-11_02-12-51		36.0
13.0	15.0	1.0	37.43	220000.0	18.0	2021-09-11_02-13-23		36.0
13.0	15.0	1.0	36.915	230000.0	13.0	2021-09-11_02-13-03		36.0
13.0	15.0	1.0	37.185	220000.0	17.0	2021-09-11_02-13-22		36.0
15.0	15.0	1.0	30.01	160000.0	7.0	2021-09-11_02-14-56		30.0
13.0	15.0	1.0	37.315	210000.0	21.0	2021-09-11_02-13-42		36.0
15.0	15.0	1.0	30.01	160000.0	8.0	2021-09-11_02-15-00		30.0
15.0	15.0	1.0	30.005	160000.0	9.0	2021-09-11_02-15-10		30.0
13.0	15.0	1.0	38.03	220000.0	24.0	2021-09-11_02-13-48		36.0
15.0	15.0	1.0	30.01	160000.0	10.0	2021-09-11_02-15-17		30.0
15.0	15.0	1.0	30.005	160000.0	11.0	2021-09-11_02-15-23		30.0
13.0	15.0	1.0	38.005	230000.0	23.0	2021-09-11_02-13-46		36.0
13.0	15.0	1.0	37.455	230000.0	22.0	2021-09-11_02-13-43		36.0
15.0	15.0	1.0	30.005	160000.0	12.0	2021-09-11_02-15-29		30.0
13.0	15.0	1.0	37.245	240000.0	20.0	2021-09-11_02-13-41		36.0
15.0	15.0	1.0	30.005	160000.0	14.0	2021-09-11_02-15-58		30.0
15.0	15.0	1.0	30.005	160000.0	13.0	2021-09-11_02-15-56		30.0
15.0	15.0	1.0	30.005	160000.0	16.0	2021-09-11_02-16-11		30.0
15.0	15.0	1.0	30.005	160000.0	15.0	2021-09-11_02-16-10		30.0
15.0	15.0	1.0	30.005	160000.0	17.0	2021-09-11_02-16-12		30.0
15.0	15.0	1.0	30.01	160000.0	18.0	2021-09-11_02-16-19		30.0
15.0	15.0	1.0	30.0	160000.0	22.0	2021-09-11_02-16-33		30.0
15.0	15.0	1.0	30.01	160000.0	19.0	2021-09-11_02-16-27		30.0
15.0	15.0	1.0	30.005	160000.0	21.0	2021-09-11_02-16-31		30.0
15.0	15.0	1.0	30.005	160000.0	20.0	2021-09-11_02-16-28		30.0
13.0	15.0	1.0	39.465	300000.0	19.0	2021-09-11_02-13-34		36.0
15.0	15.0	1.0	30.005	160000.0	23.0	2021-09-11_02-17-55		30.0
15.0	15.0	1.0	30.005	160000.0	24.0	2021-09-11_02-18-06		30.0
